Modelo,A,B,C
AE,0.029872173808807537,0.013719176649758684,0.023317812173559313
CTAB-GAN,0.39887421833519565,0.40942993830681523,0.3996380476312451
VAE_HL5,0.05283468457517113,0.0054220781752629356,0.02046814482684145
VAE_HL7,0.03471476552586557,0.006229084180573088,0.013192736295753979
